"","line_num","Cruise","Event","DateTime","Lat","Lon","Mode","OnEffort","EffortDot","EffType","SpdKt","Bft","SegID"
"12",12,1706,"R",2017-07-29 06:27:23,21.1151666666667,-161.481666666667,"C",TRUE,TRUE,"N",NA,NA,1
"13",13,1706,"P",2017-07-29 06:27:23,21.1151666666667,-161.481666666667,"C",TRUE,TRUE,"N",NA,NA,1
"14",14,1706,"V",2017-07-29 06:27:23,21.1151666666667,-161.481666666667,"C",TRUE,TRUE,"N",NA,5,1
"15",15,1706,"N",2017-07-29 06:27:23,21.1151666666667,-161.481666666667,"C",TRUE,TRUE,"N",10.9,5,1
"16",16,1706,"W",2017-07-29 06:27:23,21.1151666666667,-161.481666666667,"C",TRUE,TRUE,"N",10.9,5,1
"17",17,1706,"*",2017-07-29 06:27:55,21.1155,-161.483333333333,"C",TRUE,TRUE,"N",10.9,5,1
"18",18,1706,"*",2017-07-29 06:29:55,21.1168333333333,-161.489666666667,"C",TRUE,TRUE,"N",10.9,5,1
"19",19,1706,"*",2017-07-29 06:31:55,21.1181666666667,-161.496,"C",TRUE,TRUE,"N",10.9,5,1
"20",20,1706,"*",2017-07-29 06:33:55,21.1195,-161.502333333333,"C",TRUE,TRUE,"N",10.9,5,1
"21",21,1706,"X",2017-07-29 06:35:10,21.1203333333333,-161.506333333333,"C",TRUE,TRUE,"N",10.9,5,1
"23",23,1706,"*",2017-07-29 06:35:55,21.1208333333333,-161.508666666667,"C",TRUE,TRUE,"N",10.9,5,1
"24",24,1706,"*",2017-07-29 06:37:55,21.1223333333333,-161.515,"C",TRUE,TRUE,"N",10.9,5,1
"25",25,1706,"E",2017-07-29 06:38:53,21.123,-161.518,"C",TRUE,TRUE,"N",10.9,5,1
"84",84,1706,"R",2017-07-29 07:58:41,21.1156666666667,-161.535,"C",TRUE,TRUE,"N",NA,NA,2
"85",85,1706,"P",2017-07-29 07:58:41,21.1156666666667,-161.535,"C",TRUE,TRUE,"N",NA,NA,2
"86",86,1706,"V",2017-07-29 07:58:41,21.1156666666667,-161.535,"C",TRUE,TRUE,"N",NA,6,2
"87",87,1706,"N",2017-07-29 07:58:41,21.1156666666667,-161.535,"C",TRUE,TRUE,"N",9.5,6,2
"88",88,1706,"W",2017-07-29 07:58:41,21.1156666666667,-161.535,"C",TRUE,TRUE,"N",9.5,6,2
"89",89,1706,"*",2017-07-29 07:59:55,21.1146666666667,-161.531666666667,"C",TRUE,TRUE,"N",9.5,6,2
"90",90,1706,"*",2017-07-29 08:01:55,21.1131666666667,-161.526333333333,"C",TRUE,TRUE,"N",9.5,6,2
"91",91,1706,"*",2017-07-29 08:03:55,21.1116666666667,-161.520833333333,"C",TRUE,TRUE,"N",9.5,6,2
"92",92,1706,"*",2017-07-29 08:05:55,21.1103333333333,-161.5155,"C",TRUE,TRUE,"N",9.5,6,2
"93",93,1706,"*",2017-07-29 08:07:55,21.1088333333333,-161.51,"C",TRUE,TRUE,"N",9.5,6,2
"94",94,1706,"*",2017-07-29 08:09:55,21.1071666666667,-161.504166666667,"C",TRUE,TRUE,"N",9.5,6,2
"95",95,1706,"W",2017-07-29 08:10:06,21.107,-161.5035,"C",TRUE,TRUE,"N",9.5,6,2
"96",96,1706,"*",2017-07-29 08:11:55,21.1056666666667,-161.498333333333,"C",TRUE,TRUE,"N",9.5,6,2
"97",97,1706,"*",2017-07-29 08:13:55,21.1041666666667,-161.492833333333,"C",TRUE,TRUE,"N",9.5,6,2
"98",98,1706,"*",2017-07-29 08:15:55,21.1028333333333,-161.487,"C",TRUE,TRUE,"N",9.5,6,2
"99",99,1706,"*",2017-07-29 08:17:55,21.1013333333333,-161.481166666667,"C",TRUE,TRUE,"N",9.5,6,2
"100",100,1706,"*",2017-07-29 08:19:55,21.1,-161.475333333333,"C",TRUE,TRUE,"N",9.5,6,2
"101",101,1706,"W",2017-07-29 08:20:29,21.0995,-161.473666666667,"C",TRUE,TRUE,"N",9.5,6,2
"102",102,1706,"*",2017-07-29 08:21:55,21.0985,-161.469666666667,"C",TRUE,TRUE,"N",9.5,6,2
"103",103,1706,"*",2017-07-29 08:23:55,21.097,-161.464,"C",TRUE,TRUE,"N",9.5,6,2
"104",104,1706,"*",2017-07-29 08:25:55,21.0956666666667,-161.458166666667,"C",TRUE,TRUE,"N",9.5,6,2
"105",105,1706,"*",2017-07-29 08:27:55,21.0943333333333,-161.4525,"C",TRUE,TRUE,"N",9.5,6,2
"106",106,1706,"*",2017-07-29 08:29:55,21.093,-161.446833333333,"C",TRUE,TRUE,"N",9.5,6,2
"107",107,1706,"*",2017-07-29 08:31:55,21.0916666666667,-161.441166666667,"C",TRUE,TRUE,"N",9.5,6,2
"108",108,1706,"*",2017-07-29 08:33:55,21.0903333333333,-161.4355,"C",TRUE,TRUE,"N",9.5,6,2
"109",109,1706,"*",2017-07-29 08:35:55,21.089,-161.429833333333,"C",TRUE,TRUE,"N",9.5,6,2
"110",110,1706,"*",2017-07-29 08:37:55,21.0876666666667,-161.423833333333,"C",TRUE,TRUE,"N",9.5,6,2
"111",111,1706,"*",2017-07-29 08:39:55,21.0863333333333,-161.418,"C",TRUE,TRUE,"N",9.5,6,2
"112",112,1706,"P",2017-07-29 08:40:40,21.0858333333333,-161.415833333333,"C",TRUE,TRUE,"N",9.5,6,2
"113",113,1706,"V",2017-07-29 08:40:40,21.0858333333333,-161.415833333333,"C",TRUE,TRUE,"N",9.5,6,2
"114",114,1706,"N",2017-07-29 08:40:40,21.0858333333333,-161.415833333333,"C",TRUE,TRUE,"N",10.1,6,2
"115",115,1706,"W",2017-07-29 08:40:40,21.0858333333333,-161.415833333333,"C",TRUE,TRUE,"N",10.1,6,2
"116",116,1706,"*",2017-07-29 08:41:55,21.085,-161.412166666667,"C",TRUE,TRUE,"N",10.1,6,2
"117",117,1706,"*",2017-07-29 08:43:55,21.0836666666667,-161.406333333333,"C",TRUE,TRUE,"N",10.1,6,2
"118",118,1706,"*",2017-07-29 08:45:55,21.0821666666667,-161.4005,"C",TRUE,TRUE,"N",10.1,6,2
"119",119,1706,"*",2017-07-29 08:47:55,21.081,-161.394833333333,"C",TRUE,TRUE,"N",10.1,6,2
"120",120,1706,"*",2017-07-29 08:49:55,21.0796666666667,-161.389,"C",TRUE,TRUE,"N",10.1,6,2
"121",121,1706,"*",2017-07-29 08:51:55,21.0783333333333,-161.383166666667,"C",TRUE,TRUE,"N",10.1,6,2
"122",122,1706,"*",2017-07-29 08:53:55,21.0771666666667,-161.377333333333,"C",TRUE,TRUE,"N",10.1,6,2
"123",123,1706,"*",2017-07-29 08:55:55,21.0758333333333,-161.3715,"C",TRUE,TRUE,"N",10.1,6,2
"124",124,1706,"*",2017-07-29 08:57:55,21.0746666666667,-161.366,"C",TRUE,TRUE,"N",10.1,6,2
"125",125,1706,"*",2017-07-29 08:59:55,21.0733333333333,-161.360333333333,"C",TRUE,TRUE,"N",10.1,6,2
"126",126,1706,"W",2017-07-29 09:00:39,21.073,-161.358166666667,"C",TRUE,TRUE,"N",10.1,6,2
"127",127,1706,"*",2017-07-29 09:01:55,21.0721666666667,-161.3545,"C",TRUE,TRUE,"N",10.1,6,2
"128",128,1706,"*",2017-07-29 09:03:55,21.071,-161.348666666667,"C",TRUE,TRUE,"N",10.1,6,2
"129",129,1706,"*",2017-07-29 09:05:55,21.0696666666667,-161.343,"C",TRUE,TRUE,"N",10.1,6,2
"130",130,1706,"*",2017-07-29 09:07:55,21.0683333333333,-161.337166666667,"C",TRUE,TRUE,"N",10.1,6,2
"131",131,1706,"*",2017-07-29 09:09:55,21.0671666666667,-161.3315,"C",TRUE,TRUE,"N",10.1,6,2
"132",132,1706,"*",2017-07-29 09:11:55,21.0658333333333,-161.325666666667,"C",TRUE,TRUE,"N",10.1,6,2
"133",133,1706,"*",2017-07-29 09:13:55,21.0645,-161.32,"C",TRUE,TRUE,"N",10.1,6,2
"134",134,1706,"*",2017-07-29 09:15:55,21.063,-161.314333333333,"C",TRUE,TRUE,"N",10.1,6,2
"135",135,1706,"*",2017-07-29 09:17:55,21.0615,-161.308833333333,"C",TRUE,TRUE,"N",10.1,6,2
"136",136,1706,"P",2017-07-29 09:19:54,21.0601666666667,-161.303,"C",TRUE,TRUE,"N",10.1,6,2
"137",137,1706,"V",2017-07-29 09:19:54,21.0601666666667,-161.303,"C",TRUE,TRUE,"N",10.1,6,2
"138",138,1706,"N",2017-07-29 09:19:54,21.0601666666667,-161.303,"C",TRUE,TRUE,"N",10,6,2
"139",139,1706,"W",2017-07-29 09:19:54,21.0601666666667,-161.303,"C",TRUE,TRUE,"N",10,6,2
"140",140,1706,"*",2017-07-29 09:19:55,21.0601666666667,-161.303,"C",TRUE,TRUE,"N",10,6,2
"141",141,1706,"*",2017-07-29 09:21:55,21.0586666666667,-161.297166666667,"C",TRUE,TRUE,"N",10,6,2
"142",142,1706,"*",2017-07-29 09:23:55,21.0573333333333,-161.2915,"C",TRUE,TRUE,"N",10,6,2
"143",143,1706,"*",2017-07-29 09:25:55,21.0556666666667,-161.285833333333,"C",TRUE,TRUE,"N",10,6,2
"144",144,1706,"*",2017-07-29 09:27:55,21.0543333333333,-161.28,"C",TRUE,TRUE,"N",10,6,2
"145",145,1706,"*",2017-07-29 09:29:55,21.0528333333333,-161.2745,"C",TRUE,TRUE,"N",10,6,2
"146",146,1706,"*",2017-07-29 09:31:55,21.0515,-161.268666666667,"C",TRUE,TRUE,"N",10,6,2
"147",147,1706,"*",2017-07-29 09:33:55,21.05,-161.262833333333,"C",TRUE,TRUE,"N",10,6,2
"148",148,1706,"*",2017-07-29 09:35:55,21.0485,-161.257166666667,"C",TRUE,TRUE,"N",10,6,2
"149",149,1706,"*",2017-07-29 09:37:55,21.047,-161.251666666667,"C",TRUE,TRUE,"N",10,6,2
"150",150,1706,"*",2017-07-29 09:39:55,21.0456666666667,-161.246,"C",TRUE,TRUE,"N",10,6,2
"151",151,1706,"*",2017-07-29 09:41:55,21.0441666666667,-161.240333333333,"C",TRUE,TRUE,"N",10,6,2
"152",152,1706,"*",2017-07-29 09:43:55,21.0428333333333,-161.234666666667,"C",TRUE,TRUE,"N",10,6,2
"153",153,1706,"*",2017-07-29 09:45:55,21.0415,-161.228833333333,"C",TRUE,TRUE,"N",10,6,2
"154",154,1706,"*",2017-07-29 09:47:55,21.04,-161.223166666667,"C",TRUE,TRUE,"N",10,6,2
"155",155,1706,"*",2017-07-29 09:49:55,21.0385,-161.2175,"C",TRUE,TRUE,"N",10,6,2
"156",156,1706,"*",2017-07-29 09:51:55,21.0371666666667,-161.211666666667,"C",TRUE,TRUE,"N",10,6,2
"157",157,1706,"*",2017-07-29 09:53:55,21.0356666666667,-161.205833333333,"C",TRUE,TRUE,"N",10,6,2
"158",158,1706,"*",2017-07-29 09:55:55,21.0341666666667,-161.200166666667,"C",TRUE,TRUE,"N",10,6,2
"159",159,1706,"*",2017-07-29 09:57:55,21.0326666666667,-161.194333333333,"C",TRUE,TRUE,"N",10,6,2
"160",160,1706,"*",2017-07-29 09:59:55,21.031,-161.188666666667,"C",TRUE,TRUE,"N",10,6,2
"161",161,1706,"*",2017-07-29 10:01:55,21.0291666666667,-161.183166666667,"C",TRUE,TRUE,"N",10,6,2
"162",162,1706,"P",2017-07-29 10:02:03,21.0291666666667,-161.182666666667,"C",TRUE,TRUE,"N",10,6,2
"163",163,1706,"V",2017-07-29 10:02:03,21.0291666666667,-161.182666666667,"C",TRUE,TRUE,"N",10,6,2
"164",164,1706,"N",2017-07-29 10:02:03,21.0291666666667,-161.182666666667,"C",TRUE,TRUE,"N",9.9,6,2
"165",165,1706,"W",2017-07-29 10:02:03,21.0291666666667,-161.182666666667,"C",TRUE,TRUE,"N",9.9,6,2
"166",166,1706,"*",2017-07-29 10:04:10,21.0273333333333,-161.176833333333,"C",TRUE,TRUE,"N",9.9,6,2
"167",167,1706,"*",2017-07-29 10:06:10,21.0256666666667,-161.171166666667,"C",TRUE,TRUE,"N",9.9,6,2
"168",168,1706,"*",2017-07-29 10:08:10,21.0241666666667,-161.1655,"C",TRUE,TRUE,"N",9.9,6,2
"169",169,1706,"*",2017-07-29 10:10:10,21.0226666666667,-161.16,"C",TRUE,TRUE,"N",9.9,6,2
"170",170,1706,"*",2017-07-29 10:12:10,21.021,-161.154333333333,"C",TRUE,TRUE,"N",9.9,6,2
"171",171,1706,"*",2017-07-29 10:14:10,21.0195,-161.148833333333,"C",TRUE,TRUE,"N",9.9,6,2
"172",172,1706,"*",2017-07-29 10:16:10,21.0178333333333,-161.143333333333,"C",TRUE,TRUE,"N",9.9,6,2
"173",173,1706,"*",2017-07-29 10:18:10,21.0161666666667,-161.137833333333,"C",TRUE,TRUE,"N",9.9,6,2
"174",174,1706,"*",2017-07-29 10:20:10,21.0146666666667,-161.132333333333,"C",TRUE,TRUE,"N",9.9,6,2
"175",175,1706,"*",2017-07-29 10:22:10,21.013,-161.126833333333,"C",TRUE,TRUE,"N",9.9,6,2
"176",176,1706,"*",2017-07-29 10:24:10,21.0115,-161.121166666667,"C",TRUE,TRUE,"N",9.9,6,2
"177",177,1706,"*",2017-07-29 10:26:10,21.01,-161.115666666667,"C",TRUE,TRUE,"N",9.9,6,2
"178",178,1706,"*",2017-07-29 10:28:10,21.0085,-161.11,"C",TRUE,TRUE,"N",9.9,6,2
"179",179,1706,"*",2017-07-29 10:30:10,21.007,-161.1045,"C",TRUE,TRUE,"N",9.9,6,2
"180",180,1706,"*",2017-07-29 10:32:10,21.0056666666667,-161.098833333333,"C",TRUE,TRUE,"N",9.9,6,2
"181",181,1706,"*",2017-07-29 10:34:10,21.0045,-161.093166666667,"C",TRUE,TRUE,"N",9.9,6,2
"182",182,1706,"*",2017-07-29 10:36:10,21.0031666666667,-161.087666666667,"C",TRUE,TRUE,"N",9.9,6,2
"183",183,1706,"*",2017-07-29 10:38:10,21.0016666666667,-161.082333333333,"C",TRUE,TRUE,"N",9.9,6,2
"184",184,1706,"*",2017-07-29 10:40:10,21.0005,-161.076833333333,"C",TRUE,TRUE,"N",9.9,6,2
"185",185,1706,"P",2017-07-29 10:40:36,21.0001666666667,-161.075666666667,"C",TRUE,TRUE,"N",9.9,6,2
"186",186,1706,"V",2017-07-29 10:40:36,21.0001666666667,-161.075666666667,"C",TRUE,TRUE,"N",9.9,6,2
"187",187,1706,"N",2017-07-29 10:40:36,21.0001666666667,-161.075666666667,"C",TRUE,TRUE,"N",9.5,6,2
"188",188,1706,"W",2017-07-29 10:40:36,21.0001666666667,-161.075666666667,"C",TRUE,TRUE,"N",9.5,6,2
"189",189,1706,"*",2017-07-29 10:42:10,20.9991666666667,-161.071333333333,"C",TRUE,TRUE,"N",9.5,6,2
"190",190,1706,"*",2017-07-29 10:44:10,20.9978333333333,-161.065666666667,"C",TRUE,TRUE,"N",9.5,6,2
"191",191,1706,"*",2017-07-29 10:46:10,20.9965,-161.060333333333,"C",TRUE,TRUE,"N",9.5,6,2
"192",192,1706,"*",2017-07-29 10:48:10,20.995,-161.054833333333,"C",TRUE,TRUE,"N",9.5,6,2
"193",193,1706,"*",2017-07-29 10:50:10,20.9935,-161.049333333333,"C",TRUE,TRUE,"N",9.5,6,2
"194",194,1706,"*",2017-07-29 10:52:10,20.992,-161.043833333333,"C",TRUE,TRUE,"N",9.5,6,2
"195",195,1706,"*",2017-07-29 10:54:10,20.9905,-161.0385,"C",TRUE,TRUE,"N",9.5,6,2
"196",196,1706,"*",2017-07-29 10:56:10,20.989,-161.033,"C",TRUE,TRUE,"N",9.5,6,2
"197",197,1706,"*",2017-07-29 10:58:10,20.9875,-161.027666666667,"C",TRUE,TRUE,"N",9.5,6,2
"198",198,1706,"P",2017-07-29 10:58:15,20.9875,-161.027333333333,"C",TRUE,TRUE,"N",9.5,6,2
"199",199,1706,"V",2017-07-29 10:58:15,20.9875,-161.027333333333,"C",TRUE,TRUE,"N",9.5,6,2
"200",200,1706,"N",2017-07-29 10:58:15,20.9875,-161.027333333333,"C",TRUE,TRUE,"N",9.6,6,2
"201",201,1706,"W",2017-07-29 10:58:15,20.9875,-161.027333333333,"C",TRUE,TRUE,"N",9.6,6,2
"202",202,1706,"*",2017-07-29 11:00:10,20.9858333333333,-161.022333333333,"C",TRUE,TRUE,"N",9.6,6,2
"203",203,1706,"*",2017-07-29 11:02:10,20.9843333333333,-161.016833333333,"C",TRUE,TRUE,"N",9.6,6,2
"204",204,1706,"*",2017-07-29 11:04:10,20.9828333333333,-161.0115,"C",TRUE,TRUE,"N",9.6,6,2
"205",205,1706,"*",2017-07-29 11:06:10,20.9813333333333,-161.006166666667,"C",TRUE,TRUE,"N",9.6,6,2
"206",206,1706,"*",2017-07-29 11:08:10,20.9798333333333,-161.000666666667,"C",TRUE,TRUE,"N",9.6,6,2
"207",207,1706,"*",2017-07-29 11:10:10,20.9781666666667,-160.995333333333,"C",TRUE,TRUE,"N",9.6,6,2
"208",208,1706,"*",2017-07-29 11:12:10,20.9766666666667,-160.99,"C",TRUE,TRUE,"N",9.6,6,2
"209",209,1706,"*",2017-07-29 11:14:10,20.9751666666667,-160.984666666667,"C",TRUE,TRUE,"N",9.6,6,2
"210",210,1706,"*",2017-07-29 11:16:10,20.9736666666667,-160.979333333333,"C",TRUE,TRUE,"N",9.6,6,2
"211",211,1706,"*",2017-07-29 11:18:10,20.9721666666667,-160.973833333333,"C",TRUE,TRUE,"N",9.6,6,2
"212",212,1706,"P",2017-07-29 11:19:25,20.9713333333333,-160.970333333333,"C",TRUE,TRUE,"N",9.6,6,2
"213",213,1706,"V",2017-07-29 11:19:25,20.9713333333333,-160.970333333333,"C",TRUE,TRUE,"N",9.6,6,2
"214",214,1706,"N",2017-07-29 11:19:25,20.9713333333333,-160.970333333333,"C",TRUE,TRUE,"N",9.7,6,2
"215",215,1706,"W",2017-07-29 11:19:25,20.9713333333333,-160.970333333333,"C",TRUE,TRUE,"N",9.7,6,2
"216",216,1706,"*",2017-07-29 11:20:10,20.9708333333333,-160.968166666667,"C",TRUE,TRUE,"N",9.7,6,2
"217",217,1706,"P",2017-07-29 11:20:14,20.9708333333333,-160.968,"C",TRUE,TRUE,"N",9.7,6,2
"218",218,1706,"V",2017-07-29 11:20:14,20.9708333333333,-160.968,"C",TRUE,TRUE,"N",9.7,6,2
"219",219,1706,"N",2017-07-29 11:20:14,20.9708333333333,-160.968,"C",TRUE,TRUE,"N",9.6,6,2
"220",220,1706,"W",2017-07-29 11:20:14,20.9708333333333,-160.968,"C",TRUE,TRUE,"N",9.6,6,2
"221",221,1706,"*",2017-07-29 11:22:10,20.9696666666667,-160.962666666667,"C",TRUE,TRUE,"N",9.6,6,2
"222",222,1706,"*",2017-07-29 11:24:10,20.9681666666667,-160.957166666667,"C",TRUE,TRUE,"N",9.6,6,2
"223",223,1706,"*",2017-07-29 11:26:10,20.967,-160.951833333333,"C",TRUE,TRUE,"N",9.6,6,2
"224",224,1706,"*",2017-07-29 11:28:10,20.9656666666667,-160.946166666667,"C",TRUE,TRUE,"N",9.6,6,2
"225",225,1706,"*",2017-07-29 11:30:10,20.9643333333333,-160.940833333333,"C",TRUE,TRUE,"N",9.6,6,2
"226",226,1706,"*",2017-07-29 11:32:10,20.9631666666667,-160.935166666667,"C",TRUE,TRUE,"N",9.6,6,2
"227",227,1706,"W",2017-07-29 11:33:04,20.9625,-160.932833333333,"C",TRUE,TRUE,"N",9.6,6,2
"228",228,1706,"*",2017-07-29 11:34:10,20.9618333333333,-160.929833333333,"C",TRUE,TRUE,"N",9.6,6,2
"229",229,1706,"*",2017-07-29 11:36:10,20.9606666666667,-160.924333333333,"C",TRUE,TRUE,"N",9.6,6,2
"230",230,1706,"*",2017-07-29 11:38:10,20.9593333333333,-160.919,"C",TRUE,TRUE,"N",9.6,6,2
"231",231,1706,"*",2017-07-29 11:40:10,20.958,-160.913666666667,"C",TRUE,TRUE,"N",9.6,6,2
"232",232,1706,"P",2017-07-29 11:40:13,20.9578333333333,-160.9135,"C",TRUE,TRUE,"N",9.6,6,2
"233",233,1706,"V",2017-07-29 11:40:13,20.9578333333333,-160.9135,"C",TRUE,TRUE,"N",9.6,6,2
"234",234,1706,"N",2017-07-29 11:40:13,20.9578333333333,-160.9135,"C",TRUE,TRUE,"N",9.3,6,2
"235",235,1706,"W",2017-07-29 11:40:13,20.9578333333333,-160.9135,"C",TRUE,TRUE,"N",9.3,6,2
"236",236,1706,"*",2017-07-29 11:42:10,20.9563333333333,-160.908333333333,"C",TRUE,TRUE,"N",9.3,6,2
"237",237,1706,"*",2017-07-29 11:44:10,20.9548333333333,-160.903166666667,"C",TRUE,TRUE,"N",9.3,6,2
"238",238,1706,"*",2017-07-29 11:46:10,20.9533333333333,-160.898,"C",TRUE,TRUE,"N",9.3,6,2
"239",239,1706,"*",2017-07-29 11:48:10,20.9518333333333,-160.892666666667,"C",TRUE,TRUE,"N",9.3,6,2
"240",240,1706,"*",2017-07-29 11:50:10,20.9505,-160.8875,"C",TRUE,TRUE,"N",9.3,6,2
"241",241,1706,"*",2017-07-29 11:52:10,20.9491666666667,-160.882166666667,"C",TRUE,TRUE,"N",9.3,6,2
"242",242,1706,"*",2017-07-29 11:54:10,20.9476666666667,-160.876833333333,"C",TRUE,TRUE,"N",9.3,6,2
"243",243,1706,"X",2017-07-29 11:56:02,20.9465,-160.871833333333,"C",TRUE,TRUE,"N",9.3,6,2
"244",244,1706,"*",2017-07-29 11:56:10,20.9463333333333,-160.8715,"C",TRUE,TRUE,"N",9.3,6,2
"245",245,1706,"E",2017-07-29 11:57:27,20.9453333333333,-160.868,"C",TRUE,TRUE,"N",9.3,6,2
"254",254,1706,"R",2017-07-29 12:13:21,20.9128333333333,-160.856666666667,"C",TRUE,TRUE,"N",NA,NA,3
"255",255,1706,"P",2017-07-29 12:13:21,20.9128333333333,-160.856666666667,"C",TRUE,TRUE,"N",NA,NA,3
"256",256,1706,"V",2017-07-29 12:13:21,20.9128333333333,-160.856666666667,"C",TRUE,TRUE,"N",NA,6,3
"257",257,1706,"N",2017-07-29 12:13:21,20.9128333333333,-160.856666666667,"C",TRUE,TRUE,"N",9.4,6,3
"258",258,1706,"W",2017-07-29 12:13:21,20.9128333333333,-160.856666666667,"C",TRUE,TRUE,"N",9.4,6,3
"259",259,1706,"*",2017-07-29 12:14:10,20.913,-160.8545,"C",TRUE,TRUE,"N",9.4,6,3
"260",260,1706,"*",2017-07-29 12:16:10,20.9135,-160.848833333333,"C",TRUE,TRUE,"N",9.4,6,3
"261",261,1706,"*",2017-07-29 12:18:10,20.914,-160.843333333333,"C",TRUE,TRUE,"N",9.4,6,3
"263",263,1706,"*",2017-07-29 12:20:10,20.9145,-160.837833333333,"C",TRUE,TRUE,"N",9.4,6,3
"264",264,1706,"*",2017-07-29 12:22:10,20.9151666666667,-160.832166666667,"C",TRUE,TRUE,"N",9.4,6,3
"265",265,1706,"*",2017-07-29 12:24:10,20.9156666666667,-160.826666666667,"C",TRUE,TRUE,"N",9.4,6,3
"266",266,1706,"*",2017-07-29 12:26:10,20.9161666666667,-160.821,"C",TRUE,TRUE,"N",9.4,6,3
"267",267,1706,"*",2017-07-29 12:28:10,20.9165,-160.815333333333,"C",TRUE,TRUE,"N",9.4,6,3
"268",268,1706,"*",2017-07-29 12:30:10,20.9168333333333,-160.809666666667,"C",TRUE,TRUE,"N",9.4,6,3
"269",269,1706,"*",2017-07-29 12:32:10,20.917,-160.804,"C",TRUE,TRUE,"N",9.4,6,3
"270",270,1706,"*",2017-07-29 12:34:10,20.9173333333333,-160.7985,"C",TRUE,TRUE,"N",9.4,6,3
"271",271,1706,"*",2017-07-29 12:36:10,20.9176666666667,-160.792833333333,"C",TRUE,TRUE,"N",9.4,6,3
"272",272,1706,"*",2017-07-29 12:38:10,20.918,-160.787166666667,"C",TRUE,TRUE,"N",9.4,6,3
"273",273,1706,"*",2017-07-29 12:40:10,20.9183333333333,-160.781333333333,"C",TRUE,TRUE,"N",9.4,6,3
"274",274,1706,"P",2017-07-29 12:40:53,20.9183333333333,-160.779166666667,"C",TRUE,TRUE,"N",9.4,6,3
"275",275,1706,"V",2017-07-29 12:40:53,20.9183333333333,-160.779166666667,"C",TRUE,TRUE,"N",9.4,5,3
"276",276,1706,"N",2017-07-29 12:40:53,20.9183333333333,-160.779166666667,"C",TRUE,TRUE,"N",9.4,5,3
"277",277,1706,"W",2017-07-29 12:40:53,20.9183333333333,-160.779166666667,"C",TRUE,TRUE,"N",9.4,5,3
"278",278,1706,"*",2017-07-29 12:42:10,20.9185,-160.775666666667,"C",TRUE,TRUE,"N",9.4,5,3
"280",280,1706,"*",2017-07-29 12:44:10,20.9186666666667,-160.77,"C",TRUE,TRUE,"N",9.4,5,3
"281",281,1706,"N",2017-07-29 12:45:39,20.9175,-160.766166666667,"C",TRUE,TRUE,"N",9.5,5,3
"282",282,1706,"W",2017-07-29 12:45:44,20.9173333333333,-160.765833333333,"C",TRUE,TRUE,"N",9.5,5,3
"283",283,1706,"*",2017-07-29 12:46:10,20.917,-160.764666666667,"C",TRUE,TRUE,"N",9.5,5,3
"284",284,1706,"*",2017-07-29 12:48:10,20.9155,-160.759,"C",TRUE,TRUE,"N",9.5,5,3
"285",285,1706,"*",2017-07-29 12:50:10,20.9141666666667,-160.753666666667,"C",TRUE,TRUE,"N",9.5,5,3
"286",286,1706,"*",2017-07-29 12:52:10,20.913,-160.748,"C",TRUE,TRUE,"N",9.5,5,3
"287",287,1706,"*",2017-07-29 12:54:10,20.9118333333333,-160.7425,"C",TRUE,TRUE,"N",9.5,5,3
"288",288,1706,"*",2017-07-29 12:56:10,20.9106666666667,-160.736833333333,"C",TRUE,TRUE,"N",9.5,5,3
"289",289,1706,"*",2017-07-29 12:58:10,20.9093333333333,-160.731166666667,"C",TRUE,TRUE,"N",9.5,5,3
"290",290,1706,"*",2017-07-29 13:00:10,20.9076666666667,-160.7255,"C",TRUE,TRUE,"N",9.5,5,3
"291",291,1706,"*",2017-07-29 13:02:10,20.906,-160.72,"C",TRUE,TRUE,"N",9.5,5,3
"292",292,1706,"*",2017-07-29 13:04:10,20.9045,-160.7145,"C",TRUE,TRUE,"N",9.5,5,3
"293",293,1706,"*",2017-07-29 13:06:10,20.903,-160.708833333333,"C",TRUE,TRUE,"N",9.5,5,3
"294",294,1706,"*",2017-07-29 13:08:10,20.9015,-160.703333333333,"C",TRUE,TRUE,"N",9.5,5,3
"295",295,1706,"*",2017-07-29 13:10:10,20.9001666666667,-160.697666666667,"C",TRUE,TRUE,"N",9.5,5,3
"296",296,1706,"*",2017-07-29 13:12:10,20.8988333333333,-160.692333333333,"C",TRUE,TRUE,"N",9.5,5,3
"297",297,1706,"*",2017-07-29 13:14:10,20.8973333333333,-160.686666666667,"C",TRUE,TRUE,"N",9.5,5,3
"298",298,1706,"*",2017-07-29 13:16:10,20.896,-160.681333333333,"C",TRUE,TRUE,"N",9.5,5,3
"299",299,1706,"*",2017-07-29 13:18:10,20.8946666666667,-160.675833333333,"C",TRUE,TRUE,"N",9.5,5,3
"300",300,1706,"*",2017-07-29 13:20:10,20.8933333333333,-160.670166666667,"C",TRUE,TRUE,"N",9.5,5,3
"301",301,1706,"P",2017-07-29 13:20:39,20.893,-160.668833333333,"C",TRUE,TRUE,"N",9.5,5,3
"302",302,1706,"V",2017-07-29 13:20:39,20.893,-160.668833333333,"C",TRUE,TRUE,"N",9.5,5,3
"303",303,1706,"N",2017-07-29 13:20:39,20.893,-160.668833333333,"C",TRUE,TRUE,"N",9.8,5,3
"304",304,1706,"W",2017-07-29 13:20:39,20.893,-160.668833333333,"C",TRUE,TRUE,"N",9.8,5,3
"305",305,1706,"*",2017-07-29 13:22:10,20.8918333333333,-160.6645,"C",TRUE,TRUE,"N",9.8,5,3
"306",306,1706,"*",2017-07-29 13:24:10,20.8905,-160.658833333333,"C",TRUE,TRUE,"N",9.8,5,3
"307",307,1706,"*",2017-07-29 13:26:10,20.8891666666667,-160.653333333333,"C",TRUE,TRUE,"N",9.8,5,3
"308",308,1706,"*",2017-07-29 13:28:10,20.8878333333333,-160.647666666667,"C",TRUE,TRUE,"N",9.8,5,3
"309",309,1706,"*",2017-07-29 13:30:10,20.8863333333333,-160.642166666667,"C",TRUE,TRUE,"N",9.8,5,3
"311",311,1706,"*",2017-07-29 13:32:10,20.885,-160.636666666667,"C",TRUE,TRUE,"N",9.8,5,3
"312",312,1706,"N",2017-07-29 13:32:47,20.8846666666667,-160.634833333333,"C",TRUE,TRUE,"N",9.9,5,3
"313",313,1706,"*",2017-07-29 13:34:10,20.884,-160.631,"C",TRUE,TRUE,"N",9.9,5,3
"314",314,1706,"*",2017-07-29 13:36:10,20.883,-160.6255,"C",TRUE,TRUE,"N",9.9,5,3
"315",315,1706,"E",2017-07-29 13:37:19,20.8826666666667,-160.622833333333,"C",TRUE,TRUE,"N",9.9,5,3
"369",369,1706,"R",2017-07-29 14:46:47,20.8705,-160.520666666667,"C",TRUE,TRUE,"N",NA,NA,4
"370",370,1706,"P",2017-07-29 14:46:47,20.8705,-160.520666666667,"C",TRUE,TRUE,"N",NA,NA,4
"371",371,1706,"V",2017-07-29 14:46:47,20.8705,-160.520666666667,"C",TRUE,TRUE,"N",NA,4,4
"372",372,1706,"N",2017-07-29 14:46:47,20.8705,-160.520666666667,"C",TRUE,TRUE,"N",10.2,4,4
"373",373,1706,"W",2017-07-29 14:46:47,20.8705,-160.520666666667,"C",TRUE,TRUE,"N",10.2,4,4
"374",374,1706,"*",2017-07-29 14:48:10,20.8665,-160.521166666667,"C",TRUE,TRUE,"N",10.2,4,4
"375",375,1706,"*",2017-07-29 14:50:10,20.861,-160.522,"C",TRUE,TRUE,"N",10.2,4,4
"376",376,1706,"*",2017-07-29 14:52:10,20.8555,-160.522833333333,"C",TRUE,TRUE,"N",10.2,4,4
"377",377,1706,"*",2017-07-29 14:54:10,20.85,-160.5235,"C",TRUE,TRUE,"N",10.2,4,4
"378",378,1706,"*",2017-07-29 14:56:10,20.8445,-160.524166666667,"C",TRUE,TRUE,"N",10.2,4,4
"379",379,1706,"*",2017-07-29 14:58:10,20.839,-160.524666666667,"C",TRUE,TRUE,"N",10.2,4,4
"380",380,1706,"N",2017-07-29 14:59:12,20.8361666666667,-160.524333333333,"C",TRUE,TRUE,"N",9.6,4,4
"381",381,1706,"*",2017-07-29 15:00:10,20.8336666666667,-160.523666666667,"C",TRUE,TRUE,"N",9.6,4,4
"382",382,1706,"*",2017-07-29 15:02:10,20.8286666666667,-160.522,"C",TRUE,TRUE,"N",9.6,4,4
"383",383,1706,"N",2017-07-29 15:02:15,20.8285,-160.522,"C",TRUE,TRUE,"N",9.4,4,4
"384",384,1706,"*",2017-07-29 15:04:10,20.8236666666667,-160.52,"C",TRUE,TRUE,"N",9.4,4,4
"385",385,1706,"*",2017-07-29 15:06:10,20.8183333333333,-160.518,"C",TRUE,TRUE,"N",9.4,4,4
"386",386,1706,"*",2017-07-29 15:08:10,20.8131666666667,-160.515833333333,"C",TRUE,TRUE,"N",9.4,4,4
"387",387,1706,"*",2017-07-29 15:10:10,20.8078333333333,-160.513666666667,"C",TRUE,TRUE,"N",9.4,4,4
"388",388,1706,"*",2017-07-29 15:12:10,20.8025,-160.511666666667,"C",TRUE,TRUE,"N",9.4,4,4
"389",389,1706,"*",2017-07-29 15:14:10,20.7971666666667,-160.509833333333,"C",TRUE,TRUE,"N",9.4,4,4
"390",390,1706,"*",2017-07-29 15:16:10,20.792,-160.507833333333,"C",TRUE,TRUE,"N",9.4,4,4
"391",391,1706,"*",2017-07-29 15:18:10,20.7865,-160.506,"C",TRUE,TRUE,"N",9.4,4,4
"392",392,1706,"*",2017-07-29 15:20:10,20.7811666666667,-160.503833333333,"C",TRUE,TRUE,"N",9.4,4,4
"393",393,1706,"P",2017-07-29 15:21:30,20.7781666666667,-160.502,"C",TRUE,TRUE,"N",9.4,4,4
"394",394,1706,"V",2017-07-29 15:21:30,20.7781666666667,-160.502,"C",TRUE,TRUE,"N",9.4,4,4
"395",395,1706,"N",2017-07-29 15:21:30,20.7781666666667,-160.502,"C",TRUE,TRUE,"N",9.5,4,4
"396",396,1706,"W",2017-07-29 15:21:30,20.7781666666667,-160.502,"C",TRUE,TRUE,"N",9.5,4,4
"397",397,1706,"*",2017-07-29 15:22:10,20.7766666666667,-160.501,"C",TRUE,TRUE,"N",9.5,4,4
"398",398,1706,"*",2017-07-29 15:24:10,20.7721666666667,-160.498,"C",TRUE,TRUE,"N",9.5,4,4
"399",399,1706,"*",2017-07-29 15:26:10,20.7676666666667,-160.495,"C",TRUE,TRUE,"N",9.5,4,4
"400",400,1706,"*",2017-07-29 15:28:10,20.763,-160.492,"C",TRUE,TRUE,"N",9.5,4,4
"401",401,1706,"*",2017-07-29 15:30:10,20.7585,-160.488833333333,"C",TRUE,TRUE,"N",9.5,4,4
"402",402,1706,"*",2017-07-29 15:32:10,20.7538333333333,-160.485833333333,"C",TRUE,TRUE,"N",9.5,4,4
"403",403,1706,"*",2017-07-29 15:34:10,20.7493333333333,-160.482666666667,"C",TRUE,TRUE,"N",9.5,4,4
"404",404,1706,"*",2017-07-29 15:36:10,20.7448333333333,-160.4795,"C",TRUE,TRUE,"N",9.5,4,4
"405",405,1706,"*",2017-07-29 15:38:10,20.7401666666667,-160.476333333333,"C",TRUE,TRUE,"N",9.5,4,4
"406",406,1706,"*",2017-07-29 15:40:10,20.7355,-160.473333333333,"C",TRUE,TRUE,"N",9.5,4,4
"407",407,1706,"*",2017-07-29 15:42:10,20.731,-160.47,"C",TRUE,TRUE,"N",9.5,4,4
"408",408,1706,"*",2017-07-29 15:44:10,20.7263333333333,-160.467,"C",TRUE,TRUE,"N",9.5,4,4
"409",409,1706,"*",2017-07-29 15:46:10,20.7216666666667,-160.463833333333,"C",TRUE,TRUE,"N",9.5,4,4
"410",410,1706,"*",2017-07-29 15:48:10,20.7171666666667,-160.460666666667,"C",TRUE,TRUE,"N",9.5,4,4
"411",411,1706,"*",2017-07-29 15:50:10,20.7125,-160.457666666667,"C",TRUE,TRUE,"N",9.5,4,4
"412",412,1706,"*",2017-07-29 15:52:10,20.7078333333333,-160.4545,"C",TRUE,TRUE,"N",9.5,4,4
"413",413,1706,"*",2017-07-29 15:54:10,20.7031666666667,-160.451333333333,"C",TRUE,TRUE,"N",9.5,4,4
"414",414,1706,"*",2017-07-29 15:56:10,20.6986666666667,-160.448166666667,"C",TRUE,TRUE,"N",9.5,4,4
"415",415,1706,"*",2017-07-29 15:58:10,20.694,-160.445,"C",TRUE,TRUE,"N",9.5,4,4
"416",416,1706,"*",2017-07-29 16:00:10,20.6891666666667,-160.442166666667,"C",TRUE,TRUE,"N",9.5,4,4
"417",417,1706,"P",2017-07-29 16:00:10,20.6891666666667,-160.442166666667,"C",TRUE,TRUE,"N",9.5,4,4
"418",418,1706,"V",2017-07-29 16:00:10,20.6891666666667,-160.442166666667,"C",TRUE,TRUE,"N",9.5,4,4
"419",419,1706,"N",2017-07-29 16:00:10,20.6891666666667,-160.442166666667,"C",TRUE,TRUE,"N",10.1,4,4
"420",420,1706,"W",2017-07-29 16:00:10,20.6891666666667,-160.442166666667,"C",TRUE,TRUE,"N",10.1,4,4
"421",421,1706,"*",2017-07-29 16:02:10,20.684,-160.439666666667,"C",TRUE,TRUE,"N",10.1,4,4
"422",422,1706,"*",2017-07-29 16:04:10,20.679,-160.437,"C",TRUE,TRUE,"N",10.1,4,4
"423",423,1706,"*",2017-07-29 16:06:10,20.674,-160.434333333333,"C",TRUE,TRUE,"N",10.1,4,4
"424",424,1706,"*",2017-07-29 16:08:10,20.669,-160.432,"C",TRUE,TRUE,"N",10.1,4,4
"425",425,1706,"*",2017-07-29 16:10:10,20.664,-160.429666666667,"C",TRUE,TRUE,"N",10.1,4,4
"426",426,1706,"*",2017-07-29 16:12:10,20.6588333333333,-160.427166666667,"C",TRUE,TRUE,"N",10.1,4,4
"427",427,1706,"*",2017-07-29 16:14:10,20.6538333333333,-160.424666666667,"C",TRUE,TRUE,"N",10.1,4,4
"428",428,1706,"*",2017-07-29 16:16:10,20.6488333333333,-160.422333333333,"C",TRUE,TRUE,"N",10.1,4,4
"429",429,1706,"*",2017-07-29 16:18:10,20.644,-160.42,"C",TRUE,TRUE,"N",10.1,4,4
"430",430,1706,"*",2017-07-29 16:20:10,20.6388333333333,-160.4175,"C",TRUE,TRUE,"N",10.1,4,4
"431",431,1706,"*",2017-07-29 16:22:10,20.6338333333333,-160.415166666667,"C",TRUE,TRUE,"N",10.1,4,4
"432",432,1706,"*",2017-07-29 16:24:10,20.629,-160.413,"C",TRUE,TRUE,"N",10.1,4,4
"433",433,1706,"*",2017-07-29 16:26:10,20.624,-160.4105,"C",TRUE,TRUE,"N",10.1,4,4
"434",434,1706,"*",2017-07-29 16:28:10,20.619,-160.408166666667,"C",TRUE,TRUE,"N",10.1,4,4
"435",435,1706,"*",2017-07-29 16:30:10,20.6141666666667,-160.405666666667,"C",TRUE,TRUE,"N",10.1,4,4
"436",436,1706,"*",2017-07-29 16:32:10,20.6091666666667,-160.403333333333,"C",TRUE,TRUE,"N",10.1,4,4
"437",437,1706,"*",2017-07-29 16:34:10,20.6045,-160.400833333333,"C",TRUE,TRUE,"N",10.1,4,4
"438",438,1706,"*",2017-07-29 16:36:10,20.5995,-160.398166666667,"C",TRUE,TRUE,"N",10.1,4,4
"439",439,1706,"*",2017-07-29 16:38:10,20.5945,-160.395666666667,"C",TRUE,TRUE,"N",10.1,4,4
"440",440,1706,"*",2017-07-29 16:40:10,20.5896666666667,-160.393166666667,"C",TRUE,TRUE,"N",10.1,4,4
"441",441,1706,"P",2017-07-29 16:40:35,20.5886666666667,-160.392666666667,"C",TRUE,TRUE,"N",10.1,4,4
"442",442,1706,"V",2017-07-29 16:40:35,20.5886666666667,-160.392666666667,"C",TRUE,TRUE,"N",10.1,5,4
"443",443,1706,"N",2017-07-29 16:40:35,20.5886666666667,-160.392666666667,"C",TRUE,TRUE,"N",9.6,5,4
"444",444,1706,"W",2017-07-29 16:40:35,20.5886666666667,-160.392666666667,"C",TRUE,TRUE,"N",9.6,5,4
"445",445,1706,"*",2017-07-29 16:42:10,20.5848333333333,-160.390666666667,"C",TRUE,TRUE,"N",9.6,5,4
"446",446,1706,"*",2017-07-29 16:44:10,20.5798333333333,-160.388166666667,"C",TRUE,TRUE,"N",9.6,5,4
"447",447,1706,"*",2017-07-29 16:46:10,20.575,-160.385333333333,"C",TRUE,TRUE,"N",9.6,5,4
"448",448,1706,"*",2017-07-29 16:48:10,20.57,-160.382833333333,"C",TRUE,TRUE,"N",9.6,5,4
"449",449,1706,"*",2017-07-29 16:50:10,20.565,-160.380166666667,"C",TRUE,TRUE,"N",9.6,5,4
"450",450,1706,"*",2017-07-29 16:52:10,20.5601666666667,-160.3775,"C",TRUE,TRUE,"N",9.6,5,4
"451",451,1706,"*",2017-07-29 16:54:10,20.5553333333333,-160.375,"C",TRUE,TRUE,"N",9.6,5,4
"452",452,1706,"*",2017-07-29 16:56:10,20.5505,-160.3725,"C",TRUE,TRUE,"N",9.6,5,4
"453",453,1706,"*",2017-07-29 16:58:10,20.5456666666667,-160.37,"C",TRUE,TRUE,"N",9.6,5,4
"454",454,1706,"P",2017-07-29 16:59:25,20.5426666666667,-160.3685,"C",TRUE,TRUE,"N",9.6,5,4
"455",455,1706,"V",2017-07-29 16:59:25,20.5426666666667,-160.3685,"C",TRUE,TRUE,"N",9.6,5,4
"456",456,1706,"N",2017-07-29 16:59:25,20.5426666666667,-160.3685,"C",TRUE,TRUE,"N",9.8,5,4
"457",457,1706,"W",2017-07-29 16:59:25,20.5426666666667,-160.3685,"C",TRUE,TRUE,"N",9.8,5,4
"458",458,1706,"*",2017-07-29 17:00:10,20.5406666666667,-160.3675,"C",TRUE,TRUE,"N",9.8,5,4
"459",459,1706,"*",2017-07-29 17:02:10,20.5358333333333,-160.365,"C",TRUE,TRUE,"N",9.8,5,4
"460",460,1706,"*",2017-07-29 17:04:10,20.5308333333333,-160.362333333333,"C",TRUE,TRUE,"N",9.8,5,4
"461",461,1706,"*",2017-07-29 17:06:10,20.5258333333333,-160.359833333333,"C",TRUE,TRUE,"N",9.8,5,4
"462",462,1706,"*",2017-07-29 17:08:10,20.5208333333333,-160.357166666667,"C",TRUE,TRUE,"N",9.8,5,4
"463",463,1706,"*",2017-07-29 17:10:10,20.5158333333333,-160.354666666667,"C",TRUE,TRUE,"N",9.8,5,4
"464",464,1706,"*",2017-07-29 17:12:10,20.5108333333333,-160.352166666667,"C",TRUE,TRUE,"N",9.8,5,4
"465",465,1706,"*",2017-07-29 17:14:10,20.5056666666667,-160.349666666667,"C",TRUE,TRUE,"N",9.8,5,4
"466",466,1706,"*",2017-07-29 17:16:10,20.5005,-160.347333333333,"C",TRUE,TRUE,"N",9.8,5,4
"467",467,1706,"P",2017-07-29 17:16:18,20.5001666666667,-160.347166666667,"C",TRUE,TRUE,"N",9.8,5,4
"468",468,1706,"V",2017-07-29 17:16:18,20.5001666666667,-160.347166666667,"C",TRUE,TRUE,"N",9.8,5,4
"469",469,1706,"N",2017-07-29 17:16:18,20.5001666666667,-160.347166666667,"C",TRUE,TRUE,"N",10.1,5,4
"470",470,1706,"W",2017-07-29 17:16:18,20.5001666666667,-160.347166666667,"C",TRUE,TRUE,"N",10.1,5,4
"471",471,1706,"*",2017-07-29 17:18:10,20.4953333333333,-160.344833333333,"C",TRUE,TRUE,"N",10.1,5,4
"472",472,1706,"*",2017-07-29 17:20:15,20.49,-160.342166666667,"C",TRUE,TRUE,"N",10.1,5,4
"473",473,1706,"P",2017-07-29 17:21:36,20.4865,-160.3405,"C",TRUE,TRUE,"N",10.1,5,4
"474",474,1706,"V",2017-07-29 17:21:36,20.4865,-160.3405,"C",TRUE,TRUE,"N",10.1,6,4
"475",475,1706,"N",2017-07-29 17:21:36,20.4865,-160.3405,"C",TRUE,TRUE,"N",10.2,6,4
"476",476,1706,"W",2017-07-29 17:21:36,20.4865,-160.3405,"C",TRUE,TRUE,"N",10.2,6,4
"477",477,1706,"*",2017-07-29 17:22:15,20.4848333333333,-160.339833333333,"C",TRUE,TRUE,"N",10.2,6,4
"478",478,1706,"*",2017-07-29 17:24:15,20.4796666666667,-160.337166666667,"C",TRUE,TRUE,"N",10.2,6,4
"479",479,1706,"*",2017-07-29 17:26:15,20.4746666666667,-160.334666666667,"C",TRUE,TRUE,"N",10.2,6,4
"480",480,1706,"P",2017-07-29 17:26:26,20.4741666666667,-160.3345,"C",TRUE,TRUE,"N",10.2,6,4
"481",481,1706,"V",2017-07-29 17:26:26,20.4741666666667,-160.3345,"C",TRUE,TRUE,"N",10.2,6,4
"482",482,1706,"N",2017-07-29 17:26:26,20.4741666666667,-160.3345,"C",TRUE,TRUE,"N",10.1,6,4
"483",483,1706,"W",2017-07-29 17:26:26,20.4741666666667,-160.3345,"C",TRUE,TRUE,"N",10.1,6,4
"484",484,1706,"*",2017-07-29 17:28:15,20.4695,-160.332166666667,"C",TRUE,TRUE,"N",10.1,6,4
"485",485,1706,"*",2017-07-29 17:30:15,20.4643333333333,-160.329666666667,"C",TRUE,TRUE,"N",10.1,6,4
"486",486,1706,"*",2017-07-29 17:32:15,20.4591666666667,-160.327166666667,"C",TRUE,TRUE,"N",10.1,6,4
"487",487,1706,"*",2017-07-29 17:34:15,20.4541666666667,-160.324666666667,"C",TRUE,TRUE,"N",10.1,6,4
"488",488,1706,"*",2017-07-29 17:36:15,20.449,-160.322333333333,"C",TRUE,TRUE,"N",10.1,6,4
"489",489,1706,"*",2017-07-29 17:38:15,20.444,-160.319833333333,"C",TRUE,TRUE,"N",10.1,6,4
"490",490,1706,"*",2017-07-29 17:40:15,20.4388333333333,-160.317166666667,"C",TRUE,TRUE,"N",10.1,6,4
"491",491,1706,"*",2017-07-29 17:42:15,20.4338333333333,-160.314666666667,"C",TRUE,TRUE,"N",10.1,6,4
"492",492,1706,"*",2017-07-29 17:44:15,20.4288333333333,-160.312166666667,"C",TRUE,TRUE,"N",10.1,6,4
"493",493,1706,"*",2017-07-29 17:46:15,20.4238333333333,-160.309666666667,"C",TRUE,TRUE,"N",10.1,6,4
"494",494,1706,"*",2017-07-29 17:48:15,20.4186666666667,-160.307166666667,"C",TRUE,TRUE,"N",10.1,6,4
"495",495,1706,"V",2017-07-29 17:48:29,20.4181666666667,-160.306833333333,"C",TRUE,TRUE,"N",10.1,5,4
"496",496,1706,"*",2017-07-29 17:50:15,20.4138333333333,-160.304666666667,"C",TRUE,TRUE,"N",10.1,5,4
"497",497,1706,"*",2017-07-29 17:52:15,20.4086666666667,-160.302,"C",TRUE,TRUE,"N",10.1,5,4
"498",498,1706,"*",2017-07-29 17:54:15,20.4036666666667,-160.2995,"C",TRUE,TRUE,"N",10.1,5,4
"499",499,1706,"*",2017-07-29 17:56:15,20.3986666666667,-160.296833333333,"C",TRUE,TRUE,"N",10.1,5,4
"500",500,1706,"*",2017-07-29 17:58:15,20.3936666666667,-160.294166666667,"C",TRUE,TRUE,"N",10.1,5,4
"501",501,1706,"*",2017-07-29 18:00:15,20.3885,-160.291666666667,"C",TRUE,TRUE,"N",10.1,5,4
"502",502,1706,"P",2017-07-29 18:00:29,20.388,-160.291333333333,"C",TRUE,TRUE,"N",10.1,5,4
"503",503,1706,"V",2017-07-29 18:00:29,20.388,-160.291333333333,"C",TRUE,TRUE,"N",10.1,5,4
"504",504,1706,"N",2017-07-29 18:00:29,20.388,-160.291333333333,"C",TRUE,TRUE,"N",10,5,4
"505",505,1706,"W",2017-07-29 18:00:29,20.388,-160.291333333333,"C",TRUE,TRUE,"N",10,5,4
"506",506,1706,"*",2017-07-29 18:02:15,20.3835,-160.289166666667,"C",TRUE,TRUE,"N",10,5,4
"507",507,1706,"*",2017-07-29 18:04:15,20.3785,-160.286666666667,"C",TRUE,TRUE,"N",10,5,4
"508",508,1706,"*",2017-07-29 18:06:15,20.3733333333333,-160.284166666667,"C",TRUE,TRUE,"N",10,5,4
"509",509,1706,"*",2017-07-29 18:08:15,20.3681666666667,-160.281666666667,"C",TRUE,TRUE,"N",10,5,4
"510",510,1706,"*",2017-07-29 18:10:15,20.363,-160.279166666667,"C",TRUE,TRUE,"N",10,5,4
"511",511,1706,"*",2017-07-29 18:12:15,20.3578333333333,-160.276666666667,"C",TRUE,TRUE,"N",10,5,4
"512",512,1706,"X",2017-07-29 18:12:21,20.3576666666667,-160.2765,"C",TRUE,TRUE,"N",10,5,4
"514",514,1706,"*",2017-07-29 18:14:15,20.3528333333333,-160.274166666667,"C",TRUE,TRUE,"N",10,5,4
"515",515,1706,"E",2017-07-29 18:15:53,20.3486666666667,-160.272166666667,"C",TRUE,TRUE,"N",10,5,4
"527",527,1706,"R",2017-07-29 18:33:23,20.3046666666667,-160.25,"C",TRUE,TRUE,"N",NA,NA,5
"528",528,1706,"P",2017-07-29 18:33:23,20.3046666666667,-160.25,"C",TRUE,TRUE,"N",NA,NA,5
"529",529,1706,"V",2017-07-29 18:33:23,20.3046666666667,-160.25,"C",TRUE,TRUE,"N",NA,5,5
"530",530,1706,"N",2017-07-29 18:33:23,20.3046666666667,-160.25,"C",TRUE,TRUE,"N",9.8,5,5
"531",531,1706,"W",2017-07-29 18:33:23,20.3046666666667,-160.25,"C",TRUE,TRUE,"N",9.8,5,5
"532",532,1706,"*",2017-07-29 18:34:16,20.3023333333333,-160.248833333333,"C",TRUE,TRUE,"N",9.8,5,5
"533",533,1706,"*",2017-07-29 18:36:16,20.2973333333333,-160.246333333333,"C",TRUE,TRUE,"N",9.8,5,5
"534",534,1706,"*",2017-07-29 18:38:16,20.2923333333333,-160.243833333333,"C",TRUE,TRUE,"N",9.8,5,5
"535",535,1706,"P",2017-07-29 18:40:00,20.2878333333333,-160.241666666667,"C",TRUE,TRUE,"N",9.8,5,5
"536",536,1706,"V",2017-07-29 18:40:00,20.2878333333333,-160.241666666667,"C",TRUE,TRUE,"N",9.8,5,5
"537",537,1706,"N",2017-07-29 18:40:00,20.2878333333333,-160.241666666667,"C",TRUE,TRUE,"N",10.1,5,5
"538",538,1706,"W",2017-07-29 18:40:00,20.2878333333333,-160.241666666667,"C",TRUE,TRUE,"N",10.1,5,5
"539",539,1706,"*",2017-07-29 18:40:16,20.2871666666667,-160.2415,"C",TRUE,TRUE,"N",10.1,5,5
"540",540,1706,"*",2017-07-29 18:42:16,20.2821666666667,-160.238833333333,"C",TRUE,TRUE,"N",10.1,5,5
"542",542,1706,"*",2017-07-29 18:44:16,20.277,-160.2365,"C",TRUE,TRUE,"N",10.1,5,5
"543",543,1706,"*",2017-07-29 18:46:16,20.272,-160.234,"C",TRUE,TRUE,"N",10.1,5,5
"544",544,1706,"*",2017-07-29 18:48:16,20.2668333333333,-160.2315,"C",TRUE,TRUE,"N",10.1,5,5
"545",545,1706,"*",2017-07-29 18:50:16,20.2618333333333,-160.229,"C",TRUE,TRUE,"N",10.1,5,5
"546",546,1706,"*",2017-07-29 18:52:16,20.2566666666667,-160.226666666667,"C",TRUE,TRUE,"N",10.1,5,5
"547",547,1706,"*",2017-07-29 18:54:16,20.2516666666667,-160.224166666667,"C",TRUE,TRUE,"N",10.1,5,5
"548",548,1706,"*",2017-07-29 18:56:16,20.2466666666667,-160.2215,"C",TRUE,TRUE,"N",10.1,5,5
"549",549,1706,"*",2017-07-29 18:58:16,20.2415,-160.219,"C",TRUE,TRUE,"N",10.1,5,5
"550",550,1706,"E",2017-07-29 18:59:42,20.2378333333333,-160.217166666667,"C",TRUE,TRUE,"N",10.1,5,5
